{
  "targets": {
    "TargetPlayer": true,
    "TargetMobs": false,
    "TargetAnimals": false,
    "TargetInvisible": false,
    "TargetDead": false
  },
  "features": {
    "AntiForge": true,
    "BungeeSpoof": false
  },
  "mainmenu": {
    "Style": "New"
  },
  "Aimbot": {
    "Range": "4.4",
    "TurnSpeed": "2.0",
    "FOV": "180.0",
    "OnClick": "false",
    "Jitter": "false"
  },
  "AntiBot": {
    "Tab": "true",
    "TabMode": "Contains",
    "EntityID": "true",
    "Color": "false",
    "LivingTime": "false",
    "Ground": "true",
    "Air": "false",
    "InvaildGround": "true",
    "Swing": "false",
    "Health": "false",
    "Derp": "true",
    "WasInvisible": "false",
    "Armor": "false",
    "Ping": "false",
    "NeedHit": "false"
  },
  "AtAllProvider": {
    "Delay": "500"
  },
  "AutoArmor": {
    "MaxDelay": "100",
    "MinDelay": "75",
    "InvOpen": "false",
    "SimulateInventory": "true",
    "NoMove": "false",
    "ItemDelay": "0",
    "Hotbar": "true"
  },
  "AutoClicker": {
    "MaxCPS": "8",
    "MinCPS": "5",
    "Right": "true",
    "Left": "true",
    "Jitter": "false"
  },
  "AutoLeave": {
    "Health": "8.0",
    "Mode": "Quit"
  },
  "AutoPot": {
    "Health": "15.0",
    "Delay": "150",
    "OpenInv": "false",
    "Mode": "Normal"
  },
  "AutoSoup": {
    "Health": "15.0",
    "Delay": "150",
    "OpenInv": "false"
  },
  "AutoSword": {
    "SpoofItem": "false"
  },
  "Blink": {
    "Pulse": "false",
    "PulseDelay": "1000"
  },
  "BlockESP": {
    "Mode": "Box",
    "id": "58",
    "Radius": "120",
    "R": "255",
    "G": "179",
    "B": "72",
    "Rainbow": "false"
  },
  "BlockOverlay": {
    "R": "255",
    "G": "179",
    "B": "72",
    "Rainbow": "false",
    "Info": "false"
  },
  "BlockWalk": {
    "Cobweb": "true",
    "Snow": "true"
  },
  "BowAimbot": {
    "Silent": "true",
    "Predict": "true",
    "TargetMode": "Distance"
  },
  "Breadcrumbs": {
    "R": "255",
    "G": "179",
    "B": "72",
    "Rainbow": "false"
  },
  "BufferSpeed": {
    "SpeedLimit": "true",
    "MaxSpeed": "2.0",
    "Buffer": "true",
    "Stairs": "true",
    "StairsBoost": "1.87",
    "StairsMode": "New",
    "Slabs": "true",
    "SlabsBoost": "1.87",
    "SlabsMode": "New",
    "Ice": "false",
    "IceBoost": "1.342",
    "Snow": "true",
    "SnowBoost": "1.87",
    "SnowPort": "true",
    "Wall": "true",
    "WallBoost": "1.87",
    "WallMode": "New",
    "HeadBlock": "true",
    "HeadBlockBoost": "1.87",
    "NoHurt": "true"
  },
  "BugUp": {
    "Mode": "FlyFlag",
    "FallDistance": "2.0"
  },
  "ChestAura": {
    "Delay": "200",
    "ThroughWalls": "false",
    "VisualSwing": "true",
    "Chest": "54"
  },
  "ChestStealer": {
    "MaxDelay": "125",
    "MinDelay": "37",
    "TakeRandomized": "true",
    "OnlyItems": "false",
    "NoCompass": "false"
  },
  "ClickGUI": {
    "Style": "Null",
    "Scale": "0.76",
    "MaxElements": "17",
    "R": "0",
    "G": "160",
    "B": "255",
    "Rainbow": "false"
  },
  "ConsoleSpammer": {
    "Mode": "Payload",
    "Delay": "0"
  },
  "ControllerControl": {
    "ControllerID": "0",
    "RotationSpeed": "0.2"
  },
  "Criticals": {
    "Type": "Jump",
    "Delay": "0"
  },
  "Damage": {
    "Mode": "AAC",
    "Damage": "1"
  },
  "Derp": {
    "Headless": "false",
    "Spinny": "true",
    "Increment": "50.0"
  },
  "ESP": {
    "Mode": "Box",
    "Outline-Width": "3.0",
    "WireFrame-Width": "2.0",
    "Shader-Radius": "1.6",
    "R": "255",
    "G": "255",
    "B": "255",
    "Rainbow": "false"
  },
  "FastBow": {
    "Mode": "Vanilla"
  },
  "FastBreak": {
    "BreakDamage": "0.8"
  },
  "FastClimb": {
    "Bypass": "LAAC"
  },
  "FastPlace": {
    "Speed": "0"
  },
  "FastStairs": {
    "Mode": "AAC",
    "LongJump": "false"
  },
  "FastUse": {
    "Mode": "AAC"
  },
  "Fly": {
    "Mode": "NeruxVace",
    "VanillaSpeed": "2.0",
    "MineplexSpeed": "1.0",
    "NCPMotion": "0.0",
    "AACSpeed": "0.3",
    "AAC3.3.12-Motion": "10.0",
    "AAC3.3.13-Motion": "10.0",
    "Mark": "true"
  },
  "FreeCam": {
    "Speed": "0.8",
    "Fly": "true",
    "NoClip": "true"
  },
  "Fucker": {
    "id": "26",
    "Instant": "false",
    "ThroughWalls": "false",
    "Swing": "true",
    "Surroundings": "true",
    "Action": "Destroy",
    "NoHit": "false"
  },
  "Fullbright": {
    "Mode": "Gamma"
  },
  "GhostHand": {
    "id": "54"
  },
  "HUD": {
    "BlackHotbar": "false",
    "InventoryParticle": "true",
    "Blur": "false"
  },
  "HighJump": {
    "Height": "5.0",
    "Bypass": "AACv3",
    "OnlyGlassPane": "true"
  },
  "HitBox": {
    "Size": "0.4"
  },
  "IceSpeed": {
    "Type": "AAC"
  },
  "InventoryCleaner": {
    "MaxDelay": "100",
    "MinDelay": "50",
    "OpenInv": "false",
    "RandomSlot": "false"
  },
  "InventoryMove": {
    "AACAdditionPro": "true",
    "NoMoveClicks": "false"
  },
  "ItemESP": {
    "R": "0",
    "G": "255",
    "B": "0",
    "Rainbow": "true"
  },
  "ItemTeleport": {
    "ResetAfterTP": "true",
    "LeftClick": "false"
  },
  "Kick": {
    "Mode": "Quit"
  },
  "KillAura": {
    "MaxCPS": "15",
    "MinCPS": "10",
    "HurtTime": "7",
    "Range": "4.04",
    "RangeSprintReducement": "0.4",
    "Priority": "Direction",
    "TargetMode": "Switch",
    "MultiMode": "Vanilla",
    "ThroughWalls": "false",
    "Swing": "true",
    "KeepSprint": "true",
    "AutoBlock": "true",
    "BlockRate": "41",
    "AAC": "true",
    "RayCast": "true",
    "RayCastIgnored": "false",
    "LivingRayCast": "true",
    "Predict": "true",
    "NoInvAttack": "false",
    "NoInvDelay": "0",
    "FailRate": "3.0",
    "MaxTurnSpeed": "30.0",
    "MinTurnSpeed": "25.0",
    "SilentRotation": "true",
    "RandomCenter": "true",
    "FOV": "180.0",
    "Mark": "true",
    "FakeSharp": "true"
  },
  "LiquidWalk": {
    "Type": "AAC_3.3.11"
  },
  "LongJump": {
    "NoCheat": "AACv3",
    "NCPBoost": "4.25"
  },
  "NameProtect": {
    "FakeName": "\u0026cMe",
    "AllPlayers": "true",
    "SkinProtect": "true"
  },
  "NameTags": {
    "Health": "true",
    "Ping": "true",
    "Distance": "false",
    "Armor": "true"
  },
  "NoFOV": {
    "FOV": "1.1"
  },
  "NoFall": {
    "Mode": "LAAC"
  },
  "NoRotateSet": {
    "Confirm": "true",
    "ConfirmIllegalRotation": "false",
    "NoZero": "false"
  },
  "NoSlow": {
    "Sword": "AAC",
    "Consume": "AAC",
    "Bow": "AAC",
    "Soulsand": "true",
    "CustomReducement": "0.6"
  },
  "NoSwing": {
    "ServerSide": "true"
  },
  "NoWeb": {
    "Mode": "AAC"
  },
  "Phase": {
    "Type": "Clip"
  },
  "PingSpoof": {
    "Delay": "500"
  },
  "ProphuntESP": {
    "R": "0",
    "G": "90",
    "B": "255",
    "Rainbow": "false"
  },
  "Reach": {
    "Reach": "4.5"
  },
  "Regen": {
    "Mode": "Vanilla",
    "Health": "18",
    "Food": "18",
    "Speed": "100",
    "NoAir": "false"
  },
  "ReverseStep": {
    "Motion": "1.0"
  },
  "Scaffold": {
    "Type": "Expand",
    "MaxDelay": "39",
    "MinDelay": "0",
    "AutoBlock": "true",
    "StayAutoBlock": "true",
    "Sprint": "false",
    "Swing": "true",
    "Eagle": "true",
    "PlaceableDelay": "true",
    "BlocksToEagle": "2",
    "ExpandLength": "5",
    "KeepRotation": "true",
    "Zitter": "false",
    "ZitterMode": "Teleport",
    "ZitterSpeed": "0.13",
    "ZitterStrength": "0.072",
    "Timer": "0.89",
    "SpeedModifier": "1.0",
    "Counter": "false"
  },
  "ServerCrasher": {
    "Mode": "AACNew"
  },
  "SlimeJump": {
    "Motion": "0.42",
    "Mode": "Add"
  },
  "Sneak": {
    "Mode": "Legit"
  },
  "Spammer": {
    "MaxDelay": "3400",
    "MinDelay": "3380",
    "Message": "!Kanal: Kaan Uyar",
    "Custom": "false"
  },
  "Speed": {
    "Type": "AAC6BHop",
    "CustomSpeed": "2.0",
    "CustomY": "0.0",
    "CustomTimer": "1.0",
    "CustomStrafe": "true",
    "AAC-PortLength": "1.0",
    "AACGround-Timer": "3.0"
  },
  "Sprint": {
    "AllDirections": "false",
    "CheckServerSide": "false"
  },
  "Step": {
    "Mode": "AAC_334",
    "Height": "1.0",
    "Delay": "0"
  },
  "StorageESP": {
    "Mode": "Outline",
    "Chest": "true",
    "EnderChest": "true",
    "Furnace": "false",
    "Dispenser": "false",
    "Hopper": "false"
  },
  "TNTBlock": {
    "Fuse": "10",
    "AutoSword": "true"
  },
  "Teams": {
    "ScoreboardTeam": "true",
    "Color": "false"
  },
  "Teleport": {
    "Type": "Blink",
    "LeftClick": "false"
  },
  "Timer": {
    "Speed": "2.0"
  },
  "Tower": {
    "Type": "Jump",
    "AutoBlock": "true",
    "StayAutoBlock": "true",
    "Swing": "true"
  },
  "Trigger": {
    "MaxCPS": "8",
    "MinCPS": "5"
  },
  "VClip": {
    "YPort": "5.0"
  },
  "Velocity": {
    "Horizontal": "0.0",
    "Vertical": "0.0",
    "Mode": "Simple",
    "ReverseStrength": "1.0",
    "Reverse2Strength": "0.05"
  },
  "WallClimb": {
    "Mode": "AAC"
  },
  "WaterFly": {
    "Motion": "0.5"
  },
  "WaterSpeed": {
    "Speed": "1.2"
  },
  "Zoot": {
    "BadEffects": "true",
    "Fire": "true",
    "NoAir": "false"
  }
}
